{
  "val": {
    "MAE": 0.7325907108700958,
    "RMSE": 1.1526813032795238,
    "R2": 0.9472227134214984
  },
  "test": {
    "MAE": 1.108101679062642,
    "RMSE": 1.7731554335156157,
    "R2": 0.8960942295543155
  }
}