{
  "val": {
    "MAE": 0.7048122398707883,
    "RMSE": 1.1176079681423363,
    "R2": 0.9510243116445192
  },
  "test": {
    "MAE": 1.1076342874870293,
    "RMSE": 1.778866529863607,
    "R2": 0.8966421304077736
  }
}