{
  "metrics": {
    "accuracy": 0.4486875,
    "f1_macro": 0.29592072999220687,
    "f1_weighted": 0.42249424170970606,
    "auc_ovr": 0.8079670810026782
  },
  "labels": [
    "A",
    "B",
    "C",
    "D",
    "E",
    "F",
    "G",
    "grade"
  ]
}