{
  "metrics": {
    "accuracy": 0.5737609329446064,
    "f1_macro": 0.3830591324296609,
    "f1_weighted": 0.5512783004585617,
    "auc_ovr": 0.847503746572067
  },
  "labels": [
    "A",
    "B",
    "C",
    "D",
    "E",
    "F",
    "G"
  ]
}